{"COMPSCI 111": [[["I&C SCI 46", "C"], ["CSE 46", "C"]], [["I&C SCI 6D", "C"]], [["MATH 3A", "C"], ["I&C SCI 6N", "C"]]], "COMPSCI 112": [[["I&C SCI 45C", "C"], ["CSE 45C", "C"]], [["MATH 3A", "C"], ["I&C SCI 6N", "C"]]], "COMPSCI 113": [[["COMPSCI 112"], ["COMPSCI 171"], ["IN4MATX 121"], ["ART 106B"], ["I&C SCI 163"], ["I&C SCI 166"]]], "COMPSCI 114": [[["COMPSCI 112"]], [["I&C SCI 45C", "C"], ["CSE 45C", "C"]], [["COMPSCI 161 *"]], [["CSE 161 *"]], [["COMPSCI 164 *"]], [["COMPSCI 165 *"]]], "COMPSCI 115": [[["I&C SCI 6B", "C"]], [["I&C SCI 6N", "C"], ["MATH 3A", "C"]], [["STATS 67", "C"], ["STATS 7", "C"], ["AP STATISTICS", "3"]], [["STATS 67", "C"], ["STATS 120A", "C"]], [["I&C SCI 51", "C"]], [["IN4MATX 43"]], [["UPDIV"]]], "COMPSCI 116": [[["I&C SCI 6D", "C"]], [["MATH 6G", "C"], ["MATH 3A", "C"], ["I&C SCI 6N", "C"]], [["MATH 2B", "C"], ["AP CALCULUS BC", "4"], ["AP CALCULUS AB SUB", "4"]], [["I&C SCI 46", "C"], ["CSE 46", "C"]]], "COMPSCI 117": [[["I&C SCI 6D", "C"]], [["MATH 3A", "C"], ["I&C SCI 6N", "C"]], [["MATH 2B", "C"], ["AP CALCULUS BC", "4"]], [["I&C SCI 46", "C"], ["CSE 46", "C"]], [["COMPSCI 112"], ["COMPSCI 116"], ["COMPSCI 171"], ["COMPSCI 178"]]], "COMPSCI 121": [[["I&C SCI 45C", "C"], ["CSE 45C", "C"], ["I&C SCI 45J", "C"]], [["STATS 7", "D-"], ["AP STATISTICS", "3"], ["STATS 67", "D-"]]], "COMPSCI 122A": [[["I&C SCI 33", "C"], ["CSE 43", "C"], ["EECS 114", "D-"]]], "COMPSCI 122B": [[["COMPSCI 122A", "D-"], ["EECS 116", "D-"]], [["I&C SCI 45J", "D-"]]], "COMPSCI 122C": [[["COMPSCI 122A"]], [["I&C SCI 53"], ["COMPSCI 143A"]]], "COMPSCI 125": [[["I&C SCI 31", "D-"], ["CSE 41", "D-"], ["I&C SCI 32A", "D-"], ["AP COMP SCI A", "3"], ["AP COMP SCI AB", "3"]], [["UPDIV"]]], "COMPSCI 131": [[["I&C SCI 53"], ["COMPSCI 143A"]], [["I&C SCI 53L"], ["COMPSCI 143A"]]], "COMPSCI 132": [[["EECS 55", "D-"], ["STATS 67", "D-"]]], "COMPSCI 133": [[["COMPSCI 132", "D-"], ["EECS 148", "D-"]]], "COMPSCI 134": [[["I&C SCI 6D"]], [["I&C SCI 33"], ["CSE 43"]], [["COMPSCI 122A"], ["EECS 116"], ["COMPSCI 132"], ["COMPSCI 143A"], ["CSE 104"]]], "COMPSCI 137": [[["COMPSCI 132"], ["EECS 148"]], [["I&C SCI 45J"]]], "COMPSCI 141": [[["I&C SCI 51", "C"], ["CSE 31", "C"], ["EECS 31", "C"]], [["I&C SCI 46", "C"], ["CSE 46", "C"]]], "COMPSCI 142A": [[["CSE 141", "D-"], ["COMPSCI 141", "D-"], ["IN4MATX 101", "D-"]]], "COMPSCI 142B": [[["COMPSCI 142A"], ["CSE 142"]]], "COMPSCI 143A": [[["I&C SCI 46", "D-"], ["CSE 46", "D-"]], [["I&C SCI 51", "D-"], ["EECS 31", "D-"], ["CSE 31", "D-"]]], "COMPSCI 143B": [[["COMPSCI 143A", "D-"]], [["@"]]], "COMPSCI 144": [[["I&C SCI 51", "C"]]], "COMPSCI 145": [[["CSE 46"], ["I&C SCI 46"]], [["I&C SCI 51"], ["CSE 132"], ["EECS 112"]]], "COMPSCI 145L": [[["COMPSCI 145 +"], ["CSE 145 +"]]], "COMPSCI 146": [[["I&C SCI 46", "C"], ["CSE 46", "C"]], [["I&C SCI 51", "C"]], [["COMPSCI 143A *"]]], "COMPSCI 147": [[["I&C SCI 33", "D-"], ["CSE 43", "D-"]]], "COMPSCI 151": [[["I&C SCI 33", "C"], ["CSE 43", "C"]], [["I&C SCI 51", "C"]], [["I&C SCI 6B"]], [["I&C SCI 6D"]]], "COMPSCI 152": [[["COMPSCI 151"]]], "COMPSCI 153": [[["COMPSCI 151"]]], "COMPSCI 154": [[["COMPSCI 151"], ["COMPSCI 151 +"]]], "COMPSCI 161": [[["I&C SCI 46", "C"], ["CSE 46", "C"]], [["I&C SCI 6B"]], [["I&C SCI 6D"]], [["MATH 2B"], ["AP CALCULUS BC", "4"]]], "COMPSCI 162": [[["I&C SCI 46", "C"], ["CSE 46", "C"]], [["MATH 2A"], ["AP CALCULUS AB", "4"], ["AP CALCULUS AB SUB", "4"]], [["MATH 2B"], ["AP CALCULUS BC", "4"], ["AP CALCULUS AB SUB", "4"]], [["I&C SCI 6B"]], [["I&C SCI 6D"]]], "COMPSCI 163": [[["COMPSCI 161", "D-"], ["CSE 161", "D-"]]], "COMPSCI 164": [[["I&C SCI 46", "C"], ["CSE 46", "C"]]], "COMPSCI 165": [[["COMPSCI 161"], ["CSE 161"]], [["I&C SCI 45C *"]], [["CSE 45C *"]]], "COMPSCI 167": [[["COMPSCI 161", "D-"], ["CSE 161", "D-"]], [["UPDIV"]]], "COMPSCI 168": [[["I&C SCI 52"], ["IN4MATX 43", "C"]], [["I&C SCI 167"]]], "COMPSCI 169": [[["I&C SCI 6N"], ["MATH 3A"]], [["STATS 67"], ["STATS 7"], ["AP STATISTICS", "3"]], [["STATS 67"], ["STATS 120A"]]], "COMPSCI 171": [[["STATS 67 +"], ["STATS 67", "D-"], ["STATS 7 +"], ["STATS 7", "D-"], ["AP STATISTICS", "3"]], [["STATS 67 +"], ["STATS 67", "D-"], ["STATS 120A", "D-"], ["STATS 120A +"]], [["I&C SCI 46", "D-"], ["CSE 46", "D-"]], [["MATH 2B"], ["AP CALCULUS BC", "4"]]], "COMPSCI 172": [[["COMPSCI 171"]]], "COMPSCI 172B": [[["STATS 120A", "D-"], ["MATH 121A", "D-"], ["COMPSCI 178", "D-"], ["COMPSCI 273A", "D-"]], [["STATS 120B", "D-"], ["MATH 121A", "D-"], ["COMPSCI 178", "D-"], ["COMPSCI 273A", "D-"]]], "COMPSCI 174": [[["COMPSCI 171", "C"]]], "COMPSCI 175": [[["COMPSCI 171", "D-"]], [["COMPSCI 178", "D-"]]], "COMPSCI 177": [[["MATH 2B"], ["AP CALCULUS BC", "4"]], [["STATS 67"]], [["I&C SCI 6B"]], [["I&C SCI 6D"]], [["MATH 3A"], ["I&C SCI 6N"]]], "COMPSCI 178": [[["I&C SCI 6B", "D-"]], [["I&C SCI 6D", "D-"]], [["I&C SCI 6N", "D-"], ["MATH 3A", "D-"]], [["MATH 2B", "D-"], ["AP CALCULUS BC", "4"], ["AP CALCULUS AB SUB", "4"]], [["STATS 67", "D-"], ["STATS 7", "D-"], ["AP STATISTICS", "3"]], [["STATS 67", "D-"], ["STATS 120A", "D-"]]], "COMPSCI 179": [[["COMPSCI 171"]]], "COMPSCI 183": [[["MATH 2D"], ["MATH 3A"], ["STATS 7"], ["STATS 8"]]], "COMPSCI 184A": [[["I&C SCI 6N"], ["MATH 3A"], ["MATH 6G"]]], "COMPSCI 184B": [[["COMPSCI 184A"]]], "COMPSCI 184C": [[["COMPSCI 184A"]]], "COMPSCI 190": [[["I&C SCI 46", "C"], ["CSE 46", "C"]], [["I&C SCI 51", "C"]], [["COMPSCI 122A", "C"], ["EECS 116", "C"]]], "COMPSCI 201": [[["COMPSCI 260"], ["COMPSCI 263"]]], "COMPSCI 202": [[["COMPSCI 260"]], [["COMPSCI 263"]]], "COMPSCI 203": [[["EECS 148"], ["COMPSCI 132"]]], "COMPSCI 211B": [[["COMPSCI 211A"]]], "COMPSCI 212": [[["COMPSCI 143A"]], [["COMPSCI 161"]], [["COMPSCI 131 *"]], [["COMPSCI 132 *"]], [["COMPSCI 133 *"]]], "COMPSCI 213": [[["MATH 121A"]]], "COMPSCI 216": [[["I&C SCI 6D"]], [["I&C SCI 6N"], ["MATH 6G"], ["MATH 3A"]], [["MATH 2B"]], [["I&C SCI 46"], ["CSE 46"]]], "COMPSCI 217": [[["I&C SCI 6D"]], [["I&C SCI 6N"], ["MATH 6G"], ["MATH 3A"]], [["MATH 2B"], ["AP CALCULUS BC", "4"]], [["I&C SCI 46"]], [["COMPSCI 211A"]]], "COMPSCI 221": [[["COMPSCI 161"]], [["COMPSCI 171"]], [["I&C SCI 6N"], ["MATH 3A"], ["MATH 6G"]]], "COMPSCI 222": [[["COMPSCI 122A"]], [["I&C SCI 53"], ["COMPSCI 143A"]]], "COMPSCI 223": [[["COMPSCI 222"]], [["COMPSCI 131"]]], "COMPSCI 224": [[["COMPSCI 143A"]], [["COMPSCI 152"]], [["COMPSCI 161"]], [["COMPSCI 222"]], [["COMPSCI 223"]]], "COMPSCI 225": [[["I&C SCI 21"], ["CSE 21"], ["IN4MATX 41"], ["I&C SCI 31"], ["CSE 41"]]], "COMPSCI 232": [[["EECS 148"], ["COMPSCI 132"]]], "COMPSCI 233": [[["EECS 148"], ["COMPSCI 132"]]], "COMPSCI 234": [[["NET SYS 201"], ["COMPSCI 232"], ["EECS 248A"]]], "COMPSCI 236": [[["EECS 148"], ["COMPSCI 132"]]], "COMPSCI 238": [[["COMPSCI 143A"]]], "COMPSCI 241": [[["COMPSCI 142A"]]], "COMPSCI 244": [[["I&C SCI 51"]], [["COMPSCI 152"]], [["MATH 3A"], ["MATH 6G"], ["I&C SCI 6D"], ["I&C SCI 6N"]], [["COMPSCI 161"]]], "COMPSCI 245": [[["I&C SCI 51"]], [["COMPSCI 152"]], [["COMPSCI 161"]], [["I&C SCI 6N"], ["MATH 3A"], ["MATH 6G"], ["I&C SCI 6D"]]], "COMPSCI 248B": [[["IN4MATX 231"]], [["IN4MATX 241"]]], "COMPSCI 250A": [[["COMPSCI 152"]]], "COMPSCI 252": [[["COMPSCI 151"]], [["COMPSCI 152"]]], "COMPSCI 253P": [[["COMPSCI 260P +"]]], "COMPSCI 260": [[["COMPSCI 161"]]], "COMPSCI 261": [[["I&C SCI 46"]], [["COMPSCI 161"]]], "COMPSCI 261P": [[["COMPSCI 260P", "D-"]]], "COMPSCI 262": [[["COMPSCI 162"]]], "COMPSCI 263": [[["COMPSCI 161"]], [["COMPSCI 261"]]], "COMPSCI 265": [[["COMPSCI 161"]], [["COMPSCI 261"]]], "COMPSCI 266": [[["COMPSCI 161"]], [["COMPSCI 261"]]], "COMPSCI 268": [[["STATS 67"], ["STATS 7"], ["AP STATISTICS", "3"]], [["STATS 67"], ["STATS 120A"]], [["I&C SCI 6N"], ["MATH 3A"]]], "COMPSCI 272": [[["COMPSCI 171", "D-"]], [["COMPSCI 178", "D-"]]], "COMPSCI 273A": [[["COMPSCI 271"]], [["COMPSCI 206"]]], "COMPSCI 274A": [[["COMPSCI 206"]]], "COMPSCI 274B": [[["COMPSCI 274A"]]], "COMPSCI 274C": [[["STATS 120A"]], [["STATS 120B"], ["MATH 121A"], ["COMPSCI 178"], ["COMPSCI 273A"]]], "COMPSCI 274P": [[["COMPSCI 271P", "D-"]]], "COMPSCI 277": [[["COMPSCI 273A"], ["COMPSCI 274A"]]], "COMPSCI 278": [[["STATS 120A"]]], "COMPSCI 284C": [[["COMPSCI 284A"], ["BIO SCI 99"]], [["COMPSCI 284A"], ["MATH 2D"]]], "COMPSCI 285": [[["COMPSCI 227A"]]], "COMPSCI 296P": [[["COMPSCI 297P +"]]], "COMPSCI 297P": [[["COMPSCI 296P +"]]]}